{
  "stats": {
    "mu0": {
      "p16": -0.20273747858890356,
      "p50": -0.015919168469102907,
      "p84": 0.19886130320834852
    },
    "sigma0": {
      "p16": -0.005820388036788717,
      "p50": 0.025413517295501443,
      "p84": 0.06241763889014184
    },
    "xi_damp": {
      "p16": 0.0009834649909341896,
      "p50": 0.003621428978472,
      "p84": 0.007535257465641881
    }
  },
  "logprob": {
    "mean": -3.7461475456054125,
    "min": -11.486865345817623,
    "max": -2.7922036021721874
  }
}