param,p16,p50,p84
mu0,-0.20273747858890356,-0.015919168469102907,0.19886130320834852
sigma0,-0.005820388036788717,0.025413517295501443,0.06241763889014184
xi_damp,0.0009834649909341896,0.003621428978472,0.007535257465641881
