{
  "stats": {
    "mu0": {
      "p16": -0.22126378167258207,
      "p50": -0.010710493762962112,
      "p84": 0.20456435421744124
    },
    "sigma0": {
      "p16": -0.003880855414198214,
      "p50": 0.020730051635580324,
      "p84": 0.04274792501904189
    },
    "xi_damp": {
      "p16": 0.0007980414427233503,
      "p50": 0.0024785322260150585,
      "p84": 0.004816987916566981
    }
  },
  "logprob": {
    "mean": -1.1048476549013513,
    "min": -8.925753565291798,
    "max": -0.0002549127275996155
  }
}