{
  "bestfit": {
    "chi2": 29823.88,
    "params": [
      -0.596487,
      0.235023,
      0.049967
    ]
  },
  "chi2_blocks": {
    "TT": 85.54,
    "TE": 27817.856,
    "EE": 7.74,
    "BAO": 2.129,
    "SNE": 1886.051,
    "GROWTH": 24.564
  },
  "param_names": [
    "mu0",
    "Sigma0",
    "xi_damp"
  ],
  "posterior": {
    "param_names": [
      "mu0",
      "Sigma0",
      "xi_damp"
    ],
    "median": [
      -0.5661066157781728,
      0.23564149123189332,
      0.049801024319101564
    ],
    "p16": [
      -0.593517893082035,
      0.20687246158187106,
      0.049584502169258894
    ],
    "p84": [
      -0.5120447776409041,
      0.26061099478658206,
      0.0499363723936208
    ]
  }
}