{
  "mu_model": "binned",
  "params": {
    "mu0": 0.0,
    "mu_low": -0.5377016494712301,
    "mu_high": -0.053291096514344716,
    "z_split": 0.5
  },
  "summary": {
    "SNe": {
      "intercept": 0.08552748442498521,
      "slope": -0.29155178588608616,
      "slope_err": 0.09727216749166316,
      "spearman_rho": -0.13158685336227988,
      "spearman_p": 5.129267547179283e-08
    },
    "BAO": {
      "intercept": 2.2563419842053407,
      "slope": -4.476499521047797,
      "slope_err": 6.131393394849663,
      "spearman_rho": -1.0,
      "spearman_p": 0.0
    },
    "Growth": {
      "intercept": 8.3662677807499,
      "slope": -20.939811326573803,
      "slope_err": 6.131393394849663,
      "spearman_rho": -1.0,
      "spearman_p": 0.0
    }
  }
}